Datetime,Water Level (m)
2025-11-27 12:00:00,-0.39214754
2025-11-27 13:00:00,-0.51466686
2025-11-27 14:00:00,-0.4882286
2025-11-27 15:00:00,-0.38894588
2025-11-27 16:00:00,-0.19923261
2025-11-27 17:00:00,0.063356034
2025-11-27 18:00:00,0.30036843
2025-11-27 19:00:00,0.4525503
2025-11-27 20:00:00,0.49738005
2025-11-27 21:00:00,0.41919366
2025-11-27 22:00:00,0.2531583
2025-11-27 23:00:00,0.011720582
2025-11-28 00:00:00,-0.23463297
2025-11-28 01:00:00,-0.4443063
2025-11-28 02:00:00,-0.56863093
2025-11-28 03:00:00,-0.5796109
2025-11-28 04:00:00,-0.49969742
2025-11-28 05:00:00,-0.33868805
2025-11-28 06:00:00,-0.10744401
2025-11-28 07:00:00,0.11254313
2025-11-28 08:00:00,0.24934195
2025-11-28 09:00:00,0.28887278
2025-11-28 10:00:00,0.24406944
2025-11-28 11:00:00,0.10368868
2025-11-28 12:00:00,-0.09663757
2025-11-28 13:00:00,-0.2941437
2025-11-28 14:00:00,-0.39984176
2025-11-28 15:00:00,-0.42907196
2025-11-28 16:00:00,-0.36491847
2025-11-28 17:00:00,-0.1907648
2025-11-28 18:00:00,0.025578525
2025-11-28 19:00:00,0.25201023
2025-11-28 20:00:00,0.4292256
2025-11-28 21:00:00,0.47779906
2025-11-28 22:00:00,0.42876694
2025-11-28 23:00:00,0.2820977
2025-11-29 00:00:00,0.03319865
2025-11-29 01:00:00,-0.23716354
2025-11-29 02:00:00,-0.47633874
2025-11-29 03:00:00,-0.61500543
2025-11-29 04:00:00,-0.64679044
2025-11-29 05:00:00,-0.56580967
2025-11-29 06:00:00,-0.37677208
2025-11-29 07:00:00,-0.10019503
2025-11-29 08:00:00,0.15641919
2025-11-29 09:00:00,0.3381152
2025-11-29 10:00:00,0.41566125
2025-11-29 11:00:00,0.37863123
2025-11-29 12:00:00,0.23060496
2025-11-29 13:00:00,0.0071274163
2025-11-29 14:00:00,-0.2099477
2025-11-29 15:00:00,-0.38098067
2025-11-29 16:00:00,-0.445108
2025-11-29 17:00:00,-0.40149257
2025-11-29 18:00:00,-0.25395057
2025-11-29 19:00:00,-0.037408054
2025-11-29 20:00:00,0.20532793
2025-11-29 21:00:00,0.39320916
2025-11-29 22:00:00,0.47545564
2025-11-29 23:00:00,0.44567108
2025-11-30 00:00:00,0.2988798
2025-11-30 01:00:00,0.02953459
2025-11-30 02:00:00,-0.2867418
2025-11-30 03:00:00,-0.5553079
2025-11-30 04:00:00,-0.73802423
2025-11-30 05:00:00,-0.77759683
2025-11-30 06:00:00,-0.651165
2025-11-30 07:00:00,-0.41205382
2025-11-30 08:00:00,-0.10004538
2025-11-30 09:00:00,0.2378444
2025-11-30 10:00:00,0.4518305
2025-11-30 11:00:00,0.54625803
2025-11-30 12:00:00,0.51503944
2025-11-30 13:00:00,0.3477982
2025-11-30 14:00:00,0.08718806
2025-11-30 15:00:00,-0.20586158
2025-11-30 16:00:00,-0.42180455
2025-11-30 17:00:00,-0.5313998
2025-11-30 18:00:00,-0.5211028
2025-11-30 19:00:00,-0.36882758
2025-11-30 20:00:00,-0.119861074
2025-11-30 21:00:00,0.14936163
2025-11-30 22:00:00,0.40324563
2025-11-30 23:00:00,0.51451635
2025-12-01 00:00:00,0.48043784
2025-12-01 01:00:00,0.31491187
2025-12-01 02:00:00,0.002698324
2025-12-01 03:00:00,-0.3587707
2025-12-01 04:00:00,-0.67917174
2025-12-01 05:00:00,-0.8669796
2025-12-01 06:00:00,-0.8805594
2025-12-01 07:00:00,-0.73432475
2025-12-01 08:00:00,-0.43793994
2025-12-01 09:00:00,-0.053724818
2025-12-01 10:00:00,0.3348066
2025-12-01 11:00:00,0.5897916
2025-12-01 12:00:00,0.70283467
2025-12-01 13:00:00,0.6546768
2025-12-01 14:00:00,0.45185792
2025-12-01 15:00:00,0.10885123
2025-12-01 16:00:00,-0.24925014
2025-12-01 17:00:00,-0.5114446
2025-12-01 18:00:00,-0.64885795
2025-12-01 19:00:00,-0.626694
2025-12-01 20:00:00,-0.46151778
2025-12-01 21:00:00,-0.17486452
2025-12-01 22:00:00,0.1696116
2025-12-01 23:00:00,0.4451859
2025-12-02 00:00:00,0.570724
2025-12-02 01:00:00,0.5308401
2025-12-02 02:00:00,0.31758484
2025-12-02 03:00:00,-0.046967316
2025-12-02 04:00:00,-0.47648218
2025-12-02 05:00:00,-0.82697517
2025-12-02 06:00:00,-1.0130622
2025-12-02 07:00:00,-0.99031085
2025-12-02 08:00:00,-0.79354453
2025-12-02 09:00:00,-0.40519577
2025-12-02 10:00:00,0.040669624
2025-12-02 11:00:00,0.47091973
2025-12-02 12:00:00,0.76543015
2025-12-02 13:00:00,0.86696976
2025-12-02 14:00:00,0.7924448
2025-12-02 15:00:00,0.52739835
2025-12-02 16:00:00,0.10218371
2025-12-02 17:00:00,-0.32159758
2025-12-02 18:00:00,-0.6381875
2025-12-02 19:00:00,-0.81691533
2025-12-02 20:00:00,-0.7798756
2025-12-02 21:00:00,-0.5547893
2025-12-02 22:00:00,-0.20438023
2025-12-02 23:00:00,0.17319827
2025-12-03 00:00:00,0.4990097
2025-12-03 01:00:00,0.60517776
2025-12-03 02:00:00,0.5230092
2025-12-03 03:00:00,0.2702716
2025-12-03 04:00:00,-0.16811277
2025-12-03 05:00:00,-0.64862293
2025-12-03 06:00:00,-1.0013342
2025-12-03 07:00:00,-1.1487397
2025-12-03 08:00:00,-1.084825
2025-12-03 09:00:00,-0.81521964
2025-12-03 10:00:00,-0.35775805
2025-12-03 11:00:00,0.122624755
2025-12-03 12:00:00,0.5908721
